year,no_response_index
2016,0.15789473684210525
2017,0.12415824915824916
2018,0.24242424242424243
2019,0.26266339869281047
2020,0.5182215743440233
2021,0.3281985451433462
2022,0.281365693130399
2023,0.2898172323759791
2024,0.36901960784313725
2025,0.302037845705968
2026,0.44234800838574423
